INSERT INTO `cinema`.`film` (`name`, `duration`) VALUES ('Афоня', '60');
INSERT INTO `cinema`.`film` (`name`, `duration`) VALUES ('Зверобой', '120');
INSERT INTO `cinema`.`film` (`name`, `duration`) VALUES ('Невезучие', '90');
INSERT INTO `cinema`.`film` (`name`, `duration`) VALUES ('Беглецы', '120');

INSERT INTO `cinema`.`session` (`start_time`, `film_id`) VALUES ('2022-01-21 10:00:00', '1');
INSERT INTO `cinema`.`session` (`start_time`, `film_id`) VALUES ('2022-01-21 12:00:00', '1');
INSERT INTO `cinema`.`session` (`start_time`, `film_id`) VALUES ('2022-01-21 14:00:00', '2');
INSERT INTO `cinema`.`session` (`start_time`, `film_id`) VALUES ('2022-01-21 15:00:00',  '3');
INSERT INTO `cinema`.`session` (`start_time`, `film_id`) VALUES ('2022-01-21 16:00:00', '4');
INSERT INTO `cinema`.`session` (`start_time`, `film_id`) VALUES ('2022-01-21 18:00:00', '3');
INSERT INTO `cinema`.`session` (`start_time`, `film_id`) VALUES ('2022-01-21 19:00:00', '1');
INSERT INTO `cinema`.`session` (`start_time`, `film_id`) VALUES ('2022-01-21 20:00:00', '4');

INSERT INTO `cinema`.`price` (`session_id`, `price`) VALUES ('1', '200');
INSERT INTO `cinema`.`price` (`session_id`, `price`) VALUES ('2', '200');
INSERT INTO `cinema`.`price` (`session_id`, `price`) VALUES ('3', '250');
INSERT INTO `cinema`.`price` (`session_id`, `price`) VALUES ('4', '250');
INSERT INTO `cinema`.`price` (`session_id`, `price`) VALUES ('5', '250');
INSERT INTO `cinema`.`price` (`session_id`, `price`) VALUES ('6', '300');
INSERT INTO `cinema`.`price` (`session_id`, `price`) VALUES ('7', '300');
INSERT INTO `cinema`.`price` (`session_id`, `price`) VALUES ('8', '250');

INSERT INTO `cinema`.`ticket` (`number`, `price_id`) VALUES ('1', '2');
INSERT INTO `cinema`.`ticket` (`number`, `price_id`) VALUES ('2', '2');
INSERT INTO `cinema`.`ticket` (`number`, `price_id`) VALUES ('3', '2');
INSERT INTO `cinema`.`ticket` (`number`, `price_id`) VALUES ('4', '2');
INSERT INTO `cinema`.`ticket` (`number`, `price_id`) VALUES ('5', '2');

INSERT INTO `cinema`.`ticket` (`number`, `price_id`) VALUES ('1', '3');
INSERT INTO `cinema`.`ticket` (`number`, `price_id`) VALUES ('2', '3');
INSERT INTO `cinema`.`ticket` (`number`, `price_id`) VALUES ('3', '3');
INSERT INTO `cinema`.`ticket` (`number`, `price_id`) VALUES ('4', '3');
INSERT INTO `cinema`.`ticket` (`number`, `price_id`) VALUES ('5', '3');
INSERT INTO `cinema`.`ticket` (`number`, `price_id`) VALUES ('6', '3');
INSERT INTO `cinema`.`ticket` (`number`, `price_id`) VALUES ('7', '3');


INSERT INTO `cinema`.`ticket` (`number`, `price_id`) VALUES ('1', '6');
INSERT INTO `cinema`.`ticket` (`number`, `price_id`) VALUES ('2', '6');
INSERT INTO `cinema`.`ticket` (`number`, `price_id`) VALUES ('3', '6');
INSERT INTO `cinema`.`ticket` (`number`, `price_id`) VALUES ('4', '6');
INSERT INTO `cinema`.`ticket` (`number`, `price_id`) VALUES ('5', '6');
INSERT INTO `cinema`.`ticket` (`number`, `price_id`) VALUES ('6', '6');
INSERT INTO `cinema`.`ticket` (`number`, `price_id`) VALUES ('7', '6');
INSERT INTO `cinema`.`ticket` (`number`, `price_id`) VALUES ('8', '6');
INSERT INTO `cinema`.`ticket` (`number`, `price_id`) VALUES ('9', '6');
INSERT INTO `cinema`.`ticket` (`number`, `price_id`) VALUES ('10', '6');

INSERT INTO `cinema`.`ticket` (`number`, `price_id`) VALUES ('1', '8');
INSERT INTO `cinema`.`ticket` (`number`, `price_id`) VALUES ('2', '8');
INSERT INTO `cinema`.`ticket` (`number`, `price_id`) VALUES ('3', '8');
INSERT INTO `cinema`.`ticket` (`number`, `price_id`) VALUES ('4', '8');
INSERT INTO `cinema`.`ticket` (`number`, `price_id`) VALUES ('5', '8');
INSERT INTO `cinema`.`ticket` (`number`, `price_id`) VALUES ('6', '8');
INSERT INTO `cinema`.`ticket` (`number`, `price_id`) VALUES ('7', '8');
INSERT INTO `cinema`.`ticket` (`number`, `price_id`) VALUES ('8', '8');
INSERT INTO `cinema`.`ticket` (`number`, `price_id`) VALUES ('9', '8');
INSERT INTO `cinema`.`ticket` (`number`, `price_id`) VALUES ('10', '8');
INSERT INTO `cinema`.`ticket` (`number`, `price_id`) VALUES ('11', '8');
INSERT INTO `cinema`.`ticket` (`number`, `price_id`) VALUES ('12', '8');
INSERT INTO `cinema`.`ticket` (`number`, `price_id`) VALUES ('13', '8');
INSERT INTO `cinema`.`ticket` (`number`, `price_id`) VALUES ('14', '8');
INSERT INTO `cinema`.`ticket` (`number`, `price_id`) VALUES ('15', '8');
INSERT INTO `cinema`.`ticket` (`number`, `price_id`) VALUES ('16', '8');
INSERT INTO `cinema`.`ticket` (`number`, `price_id`) VALUES ('17', '8');
INSERT INTO `cinema`.`ticket` (`number`, `price_id`) VALUES ('18', '8');
INSERT INTO `cinema`.`ticket` (`number`, `price_id`) VALUES ('19', '8');
INSERT INTO `cinema`.`ticket` (`number`, `price_id`) VALUES ('20', '8');

INSERT INTO `cinema`.`ticket` (`number`, `price_id`) VALUES ('1', '7');
INSERT INTO `cinema`.`ticket` (`number`, `price_id`) VALUES ('2', '7');
INSERT INTO `cinema`.`ticket` (`number`, `price_id`) VALUES ('3', '7');
INSERT INTO `cinema`.`ticket` (`number`, `price_id`) VALUES ('4', '7');
INSERT INTO `cinema`.`ticket` (`number`, `price_id`) VALUES ('5', '7');
INSERT INTO `cinema`.`ticket` (`number`, `price_id`) VALUES ('6', '7');
INSERT INTO `cinema`.`ticket` (`number`, `price_id`) VALUES ('7', '7');
INSERT INTO `cinema`.`ticket` (`number`, `price_id`) VALUES ('8', '7');


